START DATE,START TIME,START TIME ET,SUBJECT,LOCATION,DESCRIPTION,END DATE,END DATE ET,END TIME,END TIME ET,REMINDER OFF,REMINDER ON,REMINDER DATE,REMINDER TIME,REMINDER TIME ET,SHOWTIMEAS FREE,SHOWTIMEAS BUSY
03/03/17,01:07 PM,01:07 PM,Yankees at Blue Jays,Florida Auto Exchange Stadium - Dunedin,"Local TV: MLBN",03/03/17,03/03/17,04:07 PM,04:07 PM,FALSE,TRUE,03/03/17,12:07 PM,12:07 PM,FREE,BUSY
03/04/17,01:05 PM,01:05 PM,Yankees at Tigers,Joker Marchant Stadium - Lakeland,"Local Radio: WFAN 660/101.9 FM",03/04/17,03/04/17,04:05 PM,04:05 PM,FALSE,TRUE,03/04/17,12:05 PM,12:05 PM,FREE,BUSY
03/05/17,01:05 PM,01:05 PM,Pirates at Yankees,George M. Steinbrenner Field - Tampa,"Local TV: YES ----- Local Radio: WFAN 660/101.9 FM",03/05/17,03/05/17,04:05 PM,04:05 PM,FALSE,TRUE,03/05/17,12:05 PM,12:05 PM,FREE,BUSY
03/06/17,01:05 PM,01:05 PM,Yankees at Pirates,LECOM Park - Bradenton,"Local TV: MLBN",03/06/17,03/06/17,04:05 PM,04:05 PM,FALSE,TRUE,03/06/17,12:05 PM,12:05 PM,FREE,BUSY
03/07/17,01:05 PM,01:05 PM,Rays at Yankees,George M. Steinbrenner Field - Tampa,"Local TV: YES",03/07/17,03/07/17,04:05 PM,04:05 PM,FALSE,TRUE,03/07/17,12:05 PM,12:05 PM,FREE,BUSY
03/08/17,01:05 PM,01:05 PM,Canada at Yankees,George M. Steinbrenner Field - Tampa,"",03/08/17,03/08/17,04:05 PM,04:05 PM,FALSE,TRUE,03/08/17,12:05 PM,12:05 PM,FREE,BUSY
03/09/17,01:05 PM,01:05 PM,Yankees at Braves,Champion Stadium - Lake Buena Vista,"",03/09/17,03/09/17,04:05 PM,04:05 PM,FALSE,TRUE,03/09/17,12:05 PM,12:05 PM,FREE,BUSY
03/10/17,01:05 PM,01:05 PM,Yankees at Phillies,Spectrum Field - Clearwater,"Local TV: MLBN",03/10/17,03/10/17,04:05 PM,04:05 PM,FALSE,TRUE,03/10/17,12:05 PM,12:05 PM,FREE,BUSY
03/11/17,01:05 PM,01:05 PM,Tigers at Yankees,George M. Steinbrenner Field - Tampa,"Local TV: YES ----- Local Radio: WFAN 660/101.9 FM",03/11/17,03/11/17,04:05 PM,04:05 PM,FALSE,TRUE,03/11/17,12:05 PM,12:05 PM,FREE,BUSY
03/12/17,01:05 PM,01:05 PM,Braves at Yankees,George M. Steinbrenner Field - Tampa,"Local Radio: WFAN 660/101.9 FM",03/12/17,03/12/17,04:05 PM,04:05 PM,FALSE,TRUE,03/12/17,12:05 PM,12:05 PM,FREE,BUSY
03/14/17,01:05 PM,01:05 PM,Yankees at Rays,Charlotte Sports Park - Port Charlotte,"",03/14/17,03/14/17,04:05 PM,04:05 PM,FALSE,TRUE,03/14/17,12:05 PM,12:05 PM,FREE,BUSY
03/15/17,06:35 PM,06:35 PM,Phillies at Yankees,George M. Steinbrenner Field - Tampa,"Local TV: YES ----- Local Radio: WFAN 660/101.9 FM",03/15/17,03/15/17,09:35 PM,09:35 PM,FALSE,TRUE,03/15/17,05:35 PM,05:35 PM,FREE,BUSY
03/16/17,01:07 PM,01:07 PM,Yankees at Blue Jays,Florida Auto Exchange Stadium - Dunedin,"",03/16/17,03/16/17,04:07 PM,04:07 PM,FALSE,TRUE,03/16/17,12:07 PM,12:07 PM,FREE,BUSY
03/17/17,01:05 PM,01:05 PM,Yankees at Tigers,Joker Marchant Stadium - Lakeland,"Local TV: MLBN",03/17/17,03/17/17,04:05 PM,04:05 PM,FALSE,TRUE,03/17/17,12:05 PM,12:05 PM,FREE,BUSY
03/18/17,01:05 PM,01:05 PM,Orioles at Yankees,George M. Steinbrenner Field - Tampa,"Local Radio: WFAN 660/101.9 FM",03/18/17,03/18/17,04:05 PM,04:05 PM,FALSE,TRUE,03/18/17,12:05 PM,12:05 PM,FREE,BUSY
03/19/17,01:05 PM,01:05 PM,Yankees at Astros,The Ballpark of the Palm Beaches - West Palm Beach,"",03/19/17,03/19/17,04:05 PM,04:05 PM,FALSE,TRUE,03/19/17,12:05 PM,12:05 PM,FREE,BUSY
03/20/17,01:05 PM,01:05 PM,Yankees at Nationals,The Ballpark of the Palm Beaches - West Palm Beach,"Local TV: MLBN",03/20/17,03/20/17,04:05 PM,04:05 PM,FALSE,TRUE,03/20/17,12:05 PM,12:05 PM,FREE,BUSY
03/21/17,06:35 PM,06:35 PM,Red Sox at Yankees,George M. Steinbrenner Field - Tampa,"",03/21/17,03/21/17,09:35 PM,09:35 PM,FALSE,TRUE,03/21/17,05:35 PM,05:35 PM,FREE,BUSY
03/22/17,01:05 PM,01:05 PM,Yankees at Phillies,Spectrum Field - Clearwater,"Local TV: MLBN",03/22/17,03/22/17,04:05 PM,04:05 PM,FALSE,TRUE,03/22/17,12:05 PM,12:05 PM,FREE,BUSY
03/23/17,01:05 PM,01:05 PM,Yankees at Rays,Charlotte Sports Park - Port Charlotte,"",03/23/17,03/23/17,04:05 PM,04:05 PM,FALSE,TRUE,03/23/17,12:05 PM,12:05 PM,FREE,BUSY
03/24/17,01:05 PM,01:05 PM,Phillies at Yankees,George M. Steinbrenner Field - Tampa,"Local TV: YES",03/24/17,03/24/17,04:05 PM,04:05 PM,FALSE,TRUE,03/24/17,12:05 PM,12:05 PM,FREE,BUSY
03/25/17,01:05 PM,01:05 PM,Blue Jays at Yankees,George M. Steinbrenner Field - Tampa,"Local TV: YES ----- Local Radio: WFAN 660/101.9 FM",03/25/17,03/25/17,04:05 PM,04:05 PM,FALSE,TRUE,03/25/17,12:05 PM,12:05 PM,FREE,BUSY
03/26/17,01:05 PM,01:05 PM,Rays at Yankees,George M. Steinbrenner Field - Tampa,"",03/26/17,03/26/17,04:05 PM,04:05 PM,FALSE,TRUE,03/26/17,12:05 PM,12:05 PM,FREE,BUSY
03/28/17,06:35 PM,06:35 PM,Tigers at Yankees,George M. Steinbrenner Field - Tampa,"",03/28/17,03/28/17,09:35 PM,09:35 PM,FALSE,TRUE,03/28/17,05:35 PM,05:35 PM,FREE,BUSY
03/29/17,01:07 PM,01:07 PM,Yankees at Blue Jays,Florida Auto Exchange Stadium - Dunedin,"",03/29/17,03/29/17,04:07 PM,04:07 PM,FALSE,TRUE,03/29/17,12:07 PM,12:07 PM,FREE,BUSY
03/30/17,01:05 PM,01:05 PM,Yankees at Phillies,Spectrum Field - Clearwater,"",03/30/17,03/30/17,04:05 PM,04:05 PM,FALSE,TRUE,03/30/17,12:05 PM,12:05 PM,FREE,BUSY
03/31/17,07:35 PM,07:35 PM,Yankees at Braves,SunTrust Park - Atlanta,"Local TV: YES- MLBN (out-of-market only)",03/31/17,03/31/17,10:35 PM,10:35 PM,FALSE,TRUE,03/31/17,06:35 PM,06:35 PM,FREE,BUSY
04/02/17,01:10 PM,01:10 PM,Yankees at Rays,Tropicana Field - St. Petersburg,"Local TV: YES- ESPN",04/02/17,04/02/17,04:10 PM,04:10 PM,FALSE,TRUE,04/02/17,12:10 PM,12:10 PM,FREE,BUSY
04/04/17,07:10 PM,07:10 PM,Yankees at Rays,Tropicana Field - St. Petersburg,"Local TV: YES",04/04/17,04/04/17,10:10 PM,10:10 PM,FALSE,TRUE,04/04/17,06:10 PM,06:10 PM,FREE,BUSY
04/05/17,07:10 PM,07:10 PM,Yankees at Rays,Tropicana Field - St. Petersburg,"",04/05/17,04/05/17,10:10 PM,10:10 PM,FALSE,TRUE,04/05/17,06:10 PM,06:10 PM,FREE,BUSY
04/07/17,07:05 PM,07:05 PM,Yankees at Orioles,Oriole Park at Camden Yards - Baltimore,"Local TV: YES",04/07/17,04/07/17,10:05 PM,10:05 PM,FALSE,TRUE,04/07/17,06:05 PM,06:05 PM,FREE,BUSY
04/08/17,04:05 PM,04:05 PM,Yankees at Orioles,Oriole Park at Camden Yards - Baltimore,"Local TV: YES- FS1",04/08/17,04/08/17,07:05 PM,07:05 PM,FALSE,TRUE,04/08/17,03:05 PM,03:05 PM,FREE,BUSY
04/09/17,01:35 PM,01:35 PM,Yankees at Orioles,Oriole Park at Camden Yards - Baltimore,"Local TV: YES",04/09/17,04/09/17,04:35 PM,04:35 PM,FALSE,TRUE,04/09/17,12:35 PM,12:35 PM,FREE,BUSY
04/10/17,01:05 PM,01:05 PM,Rays at Yankees,Yankee Stadium - Bronx,"Local TV: YES",04/10/17,04/10/17,04:05 PM,04:05 PM,FALSE,TRUE,04/10/17,12:05 PM,12:05 PM,FREE,BUSY
04/12/17,01:05 PM,01:05 PM,Rays at Yankees,Yankee Stadium - Bronx,"Local TV: YES",04/12/17,04/12/17,04:05 PM,04:05 PM,FALSE,TRUE,04/12/17,12:05 PM,12:05 PM,FREE,BUSY
04/13/17,07:05 PM,07:05 PM,Rays at Yankees,Yankee Stadium - Bronx,"Local TV: YES",04/13/17,04/13/17,10:05 PM,10:05 PM,FALSE,TRUE,04/13/17,06:05 PM,06:05 PM,FREE,BUSY
04/14/17,07:05 PM,07:05 PM,Cardinals at Yankees,Yankee Stadium - Bronx,"Local TV: YES",04/14/17,04/14/17,10:05 PM,10:05 PM,FALSE,TRUE,04/14/17,06:05 PM,06:05 PM,FREE,BUSY
04/15/17,01:05 PM,01:05 PM,Cardinals at Yankees,Yankee Stadium - Bronx,"Local TV: YES",04/15/17,04/15/17,04:05 PM,04:05 PM,FALSE,TRUE,04/15/17,12:05 PM,12:05 PM,FREE,BUSY
04/16/17,08:05 PM,08:05 PM,Cardinals at Yankees,Yankee Stadium - Bronx,"Local TV: ESPN",04/16/17,04/16/17,11:05 PM,11:05 PM,FALSE,TRUE,04/16/17,07:05 PM,07:05 PM,FREE,BUSY
04/17/17,07:05 PM,07:05 PM,White Sox at Yankees,Yankee Stadium - Bronx,"Local TV: YES",04/17/17,04/17/17,10:05 PM,10:05 PM,FALSE,TRUE,04/17/17,06:05 PM,06:05 PM,FREE,BUSY
04/18/17,07:05 PM,07:05 PM,White Sox at Yankees,Yankee Stadium - Bronx,"Local TV: YES",04/18/17,04/18/17,10:05 PM,10:05 PM,FALSE,TRUE,04/18/17,06:05 PM,06:05 PM,FREE,BUSY
04/19/17,07:05 PM,07:05 PM,White Sox at Yankees,Yankee Stadium - Bronx,"Local TV: WPIX",04/19/17,04/19/17,10:05 PM,10:05 PM,FALSE,TRUE,04/19/17,06:05 PM,06:05 PM,FREE,BUSY
04/21/17,07:05 PM,07:05 PM,Yankees at Pirates,PNC Park - Pittsburgh,"Local TV: YES",04/21/17,04/21/17,10:05 PM,10:05 PM,FALSE,TRUE,04/21/17,06:05 PM,06:05 PM,FREE,BUSY
04/22/17,04:05 PM,04:05 PM,Yankees at Pirates,PNC Park - Pittsburgh,"Local TV: YES",04/22/17,04/22/17,07:05 PM,07:05 PM,FALSE,TRUE,04/22/17,03:05 PM,03:05 PM,FREE,BUSY
04/23/17,01:35 PM,01:35 PM,Yankees at Pirates,PNC Park - Pittsburgh,"Local TV: YES",04/23/17,04/23/17,04:35 PM,04:35 PM,FALSE,TRUE,04/23/17,12:35 PM,12:35 PM,FREE,BUSY
04/25/17,07:10 PM,07:10 PM,Yankees at Red Sox,Fenway Park - Boston,"Local TV: YES",04/25/17,04/25/17,10:10 PM,10:10 PM,FALSE,TRUE,04/25/17,06:10 PM,06:10 PM,FREE,BUSY
04/26/17,07:10 PM,07:10 PM,Yankees at Red Sox,Fenway Park - Boston,"Local TV: YES",04/26/17,04/26/17,10:10 PM,10:10 PM,FALSE,TRUE,04/26/17,06:10 PM,06:10 PM,FREE,BUSY
04/27/17,07:10 PM,07:10 PM,Yankees at Red Sox,Fenway Park - Boston,"Local TV: YES",04/27/17,04/27/17,10:10 PM,10:10 PM,FALSE,TRUE,04/27/17,06:10 PM,06:10 PM,FREE,BUSY
04/28/17,07:05 PM,07:05 PM,Orioles at Yankees,Yankee Stadium - Bronx,"Local TV: YES",04/28/17,04/28/17,10:05 PM,10:05 PM,FALSE,TRUE,04/28/17,06:05 PM,06:05 PM,FREE,BUSY
04/29/17,01:05 PM,01:05 PM,Orioles at Yankees,Yankee Stadium - Bronx,"Local TV: YES",04/29/17,04/29/17,04:05 PM,04:05 PM,FALSE,TRUE,04/29/17,12:05 PM,12:05 PM,FREE,BUSY
04/30/17,01:05 PM,01:05 PM,Orioles at Yankees,Yankee Stadium - Bronx,"Local TV: YES",04/30/17,04/30/17,04:05 PM,04:05 PM,FALSE,TRUE,04/30/17,12:05 PM,12:05 PM,FREE,BUSY
05/01/17,07:05 PM,07:05 PM,Blue Jays at Yankees,Yankee Stadium - Bronx,"Local TV: YES",05/01/17,05/01/17,10:05 PM,10:05 PM,FALSE,TRUE,05/01/17,06:05 PM,06:05 PM,FREE,BUSY
05/02/17,07:05 PM,07:05 PM,Blue Jays at Yankees,Yankee Stadium - Bronx,"Local TV: YES",05/02/17,05/02/17,10:05 PM,10:05 PM,FALSE,TRUE,05/02/17,06:05 PM,06:05 PM,FREE,BUSY
05/03/17,07:05 PM,07:05 PM,Blue Jays at Yankees,Yankee Stadium - Bronx,"Local TV: YES",05/03/17,05/03/17,10:05 PM,10:05 PM,FALSE,TRUE,05/03/17,06:05 PM,06:05 PM,FREE,BUSY
05/05/17,02:20 PM,02:20 PM,Yankees at Cubs,Wrigley Field - Chicago,"Local TV: YES",05/05/17,05/05/17,05:20 PM,05:20 PM,FALSE,TRUE,05/05/17,01:20 PM,01:20 PM,FREE,BUSY
05/06/17,07:15 PM,07:15 PM,Yankees at Cubs,Wrigley Field - Chicago,"Local TV: FOX",05/06/17,05/06/17,10:15 PM,10:15 PM,FALSE,TRUE,05/06/17,06:15 PM,06:15 PM,FREE,BUSY
05/07/17,08:05 PM,08:05 PM,Yankees at Cubs,Wrigley Field - Chicago,"Local TV: ESPN",05/07/17,05/07/17,11:05 PM,11:05 PM,FALSE,TRUE,05/07/17,07:05 PM,07:05 PM,FREE,BUSY
05/08/17,07:10 PM,07:10 PM,Yankees at Reds,Great American Ball Park - Cincinnati,"Local TV: YES",05/08/17,05/08/17,10:10 PM,10:10 PM,FALSE,TRUE,05/08/17,06:10 PM,06:10 PM,FREE,BUSY
05/09/17,07:10 PM,07:10 PM,Yankees at Reds,Great American Ball Park - Cincinnati,"",05/09/17,05/09/17,10:10 PM,10:10 PM,FALSE,TRUE,05/09/17,06:10 PM,06:10 PM,FREE,BUSY
05/11/17,07:05 PM,07:05 PM,Astros at Yankees,Yankee Stadium - Bronx,"Local TV: YES",05/11/17,05/11/17,10:05 PM,10:05 PM,FALSE,TRUE,05/11/17,06:05 PM,06:05 PM,FREE,BUSY
05/12/17,07:05 PM,07:05 PM,Astros at Yankees,Yankee Stadium - Bronx,"Local TV: WPIX",05/12/17,05/12/17,10:05 PM,10:05 PM,FALSE,TRUE,05/12/17,06:05 PM,06:05 PM,FREE,BUSY
05/13/17,01:05 PM,01:05 PM,Astros at Yankees,Yankee Stadium - Bronx,"Local TV: YES",05/13/17,05/13/17,04:05 PM,04:05 PM,FALSE,TRUE,05/13/17,12:05 PM,12:05 PM,FREE,BUSY
05/14/17,07:35 PM,07:35 PM,Astros at Yankees,Yankee Stadium - Bronx,"Local TV: ESPN",05/14/17,05/14/17,10:35 PM,10:35 PM,FALSE,TRUE,05/14/17,06:35 PM,06:35 PM,FREE,BUSY
05/16/17,08:15 PM,08:15 PM,Yankees at Royals,Kauffman Stadium - Kansas City,"Local TV: YES",05/16/17,05/16/17,11:15 PM,11:15 PM,FALSE,TRUE,05/16/17,07:15 PM,07:15 PM,FREE,BUSY
05/17/17,08:15 PM,08:15 PM,Yankees at Royals,Kauffman Stadium - Kansas City,"Local TV: YES",05/17/17,05/17/17,11:15 PM,11:15 PM,FALSE,TRUE,05/17/17,07:15 PM,07:15 PM,FREE,BUSY
05/18/17,08:15 PM,08:15 PM,Yankees at Royals,Kauffman Stadium - Kansas City,"",05/18/17,05/18/17,11:15 PM,11:15 PM,FALSE,TRUE,05/18/17,07:15 PM,07:15 PM,FREE,BUSY
05/19/17,07:10 PM,07:10 PM,Yankees at Rays,Tropicana Field - St. Petersburg,"Local TV: WPIX",05/19/17,05/19/17,10:10 PM,10:10 PM,FALSE,TRUE,05/19/17,06:10 PM,06:10 PM,FREE,BUSY
05/20/17,04:10 PM,04:10 PM,Yankees at Rays,Tropicana Field - St. Petersburg,"Local TV: YES",05/20/17,05/20/17,07:10 PM,07:10 PM,FALSE,TRUE,05/20/17,03:10 PM,03:10 PM,FREE,BUSY
05/21/17,01:10 PM,01:10 PM,Yankees at Rays,Tropicana Field - St. Petersburg,"Local TV: YES",05/21/17,05/21/17,04:10 PM,04:10 PM,FALSE,TRUE,05/21/17,12:10 PM,12:10 PM,FREE,BUSY
05/22/17,07:05 PM,07:05 PM,Royals at Yankees,Yankee Stadium - Bronx,"Local TV: YES",05/22/17,05/22/17,10:05 PM,10:05 PM,FALSE,TRUE,05/22/17,06:05 PM,06:05 PM,FREE,BUSY
05/23/17,07:05 PM,07:05 PM,Royals at Yankees,Yankee Stadium - Bronx,"Local TV: YES",05/23/17,05/23/17,10:05 PM,10:05 PM,FALSE,TRUE,05/23/17,06:05 PM,06:05 PM,FREE,BUSY
05/24/17,07:05 PM,07:05 PM,Royals at Yankees,Yankee Stadium - Bronx,"Local TV: YES",05/24/17,05/24/17,10:05 PM,10:05 PM,FALSE,TRUE,05/24/17,06:05 PM,06:05 PM,FREE,BUSY
05/25/17,01:05 PM,01:05 PM,Royals at Yankees,Yankee Stadium - Bronx,"Local TV: YES",05/25/17,05/25/17,04:05 PM,04:05 PM,FALSE,TRUE,05/25/17,12:05 PM,12:05 PM,FREE,BUSY
05/26/17,07:05 PM,07:05 PM,Athletics at Yankees,Yankee Stadium - Bronx,"Local TV: WPIX",05/26/17,05/26/17,10:05 PM,10:05 PM,FALSE,TRUE,05/26/17,06:05 PM,06:05 PM,FREE,BUSY
05/27/17,01:05 PM,01:05 PM,Athletics at Yankees,Yankee Stadium - Bronx,"Local TV: YES",05/27/17,05/27/17,04:05 PM,04:05 PM,FALSE,TRUE,05/27/17,12:05 PM,12:05 PM,FREE,BUSY
05/28/17,01:05 PM,01:05 PM,Athletics at Yankees,Yankee Stadium - Bronx,"Local TV: YES",05/28/17,05/28/17,04:05 PM,04:05 PM,FALSE,TRUE,05/28/17,12:05 PM,12:05 PM,FREE,BUSY
05/29/17,01:05 PM,01:05 PM,Yankees at Orioles,Oriole Park at Camden Yards - Baltimore,"Local TV: YES",05/29/17,05/29/17,04:05 PM,04:05 PM,FALSE,TRUE,05/29/17,12:05 PM,12:05 PM,FREE,BUSY
05/30/17,07:05 PM,07:05 PM,Yankees at Orioles,Oriole Park at Camden Yards - Baltimore,"Local TV: YES",05/30/17,05/30/17,10:05 PM,10:05 PM,FALSE,TRUE,05/30/17,06:05 PM,06:05 PM,FREE,BUSY
05/31/17,07:05 PM,07:05 PM,Yankees at Orioles,Oriole Park at Camden Yards - Baltimore,"Local TV: WPIX",05/31/17,05/31/17,10:05 PM,10:05 PM,FALSE,TRUE,05/31/17,06:05 PM,06:05 PM,FREE,BUSY
06/01/17,07:07 PM,07:07 PM,Yankees at Blue Jays,Rogers Centre - Toronto,"Local TV: YES",06/01/17,06/01/17,10:07 PM,10:07 PM,FALSE,TRUE,06/01/17,06:07 PM,06:07 PM,FREE,BUSY
06/02/17,07:07 PM,07:07 PM,Yankees at Blue Jays,Rogers Centre - Toronto,"Local TV: YES",06/02/17,06/02/17,10:07 PM,10:07 PM,FALSE,TRUE,06/02/17,06:07 PM,06:07 PM,FREE,BUSY
06/03/17,01:07 PM,01:07 PM,Yankees at Blue Jays,Rogers Centre - Toronto,"Local TV: YES",06/03/17,06/03/17,04:07 PM,04:07 PM,FALSE,TRUE,06/03/17,12:07 PM,12:07 PM,FREE,BUSY
06/04/17,01:07 PM,01:07 PM,Yankees at Blue Jays,Rogers Centre - Toronto,"Local TV: YES",06/04/17,06/04/17,04:07 PM,04:07 PM,FALSE,TRUE,06/04/17,12:07 PM,12:07 PM,FREE,BUSY
06/06/17,07:05 PM,07:05 PM,Red Sox at Yankees,Yankee Stadium - Bronx,"Local TV: WPIX",06/06/17,06/06/17,10:05 PM,10:05 PM,FALSE,TRUE,06/06/17,06:05 PM,06:05 PM,FREE,BUSY
06/07/17,07:05 PM,07:05 PM,Red Sox at Yankees,Yankee Stadium - Bronx,"Local TV: YES",06/07/17,06/07/17,10:05 PM,10:05 PM,FALSE,TRUE,06/07/17,06:05 PM,06:05 PM,FREE,BUSY
06/08/17,07:05 PM,07:05 PM,Red Sox at Yankees,Yankee Stadium - Bronx,"Local TV: YES",06/08/17,06/08/17,10:05 PM,10:05 PM,FALSE,TRUE,06/08/17,06:05 PM,06:05 PM,FREE,BUSY
06/09/17,07:35 PM,07:35 PM,Orioles at Yankees,Yankee Stadium - Bronx,"Local TV: YES",06/09/17,06/09/17,10:35 PM,10:35 PM,FALSE,TRUE,06/09/17,06:35 PM,06:35 PM,FREE,BUSY
06/10/17,07:15 PM,07:15 PM,Orioles at Yankees,Yankee Stadium - Bronx,"Local TV: FOX",06/10/17,06/10/17,10:15 PM,10:15 PM,FALSE,TRUE,06/10/17,06:15 PM,06:15 PM,FREE,BUSY
06/11/17,01:05 PM,01:05 PM,Orioles at Yankees,Yankee Stadium - Bronx,"Local TV: YES",06/11/17,06/11/17,04:05 PM,04:05 PM,FALSE,TRUE,06/11/17,12:05 PM,12:05 PM,FREE,BUSY
06/12/17,10:07 PM,10:07 PM,Yankees at Angels,Angel Stadium of Anaheim - Anaheim,"Local TV: YES",06/13/17,06/13/17,01:07 AM,01:07 AM,FALSE,TRUE,06/12/17,09:07 PM,09:07 PM,FREE,BUSY
06/13/17,10:07 PM,10:07 PM,Yankees at Angels,Angel Stadium of Anaheim - Anaheim,"Local TV: YES",06/14/17,06/14/17,01:07 AM,01:07 AM,FALSE,TRUE,06/13/17,09:07 PM,09:07 PM,FREE,BUSY
06/14/17,10:07 PM,10:07 PM,Yankees at Angels,Angel Stadium of Anaheim - Anaheim,"Local TV: YES",06/15/17,06/15/17,01:07 AM,01:07 AM,FALSE,TRUE,06/14/17,09:07 PM,09:07 PM,FREE,BUSY
06/15/17,10:05 PM,10:05 PM,Yankees at Athletics,Oakland Coliseum - Oakland,"Local TV: YES",06/16/17,06/16/17,01:05 AM,01:05 AM,FALSE,TRUE,06/15/17,09:05 PM,09:05 PM,FREE,BUSY
06/16/17,09:35 PM,09:35 PM,Yankees at Athletics,Oakland Coliseum - Oakland,"Local TV: YES",06/17/17,06/17/17,12:35 AM,12:35 AM,FALSE,TRUE,06/16/17,08:35 PM,08:35 PM,FREE,BUSY
06/17/17,04:05 PM,04:05 PM,Yankees at Athletics,Oakland Coliseum - Oakland,"Local TV: YES",06/17/17,06/17/17,07:05 PM,07:05 PM,FALSE,TRUE,06/17/17,03:05 PM,03:05 PM,FREE,BUSY
06/18/17,04:05 PM,04:05 PM,Yankees at Athletics,Oakland Coliseum - Oakland,"Local TV: YES",06/18/17,06/18/17,07:05 PM,07:05 PM,FALSE,TRUE,06/18/17,03:05 PM,03:05 PM,FREE,BUSY
06/20/17,07:05 PM,07:05 PM,Angels at Yankees,Yankee Stadium - Bronx,"Local TV: WPIX",06/20/17,06/20/17,10:05 PM,10:05 PM,FALSE,TRUE,06/20/17,06:05 PM,06:05 PM,FREE,BUSY
06/21/17,07:05 PM,07:05 PM,Angels at Yankees,Yankee Stadium - Bronx,"Local TV: YES",06/21/17,06/21/17,10:05 PM,10:05 PM,FALSE,TRUE,06/21/17,06:05 PM,06:05 PM,FREE,BUSY
06/22/17,07:05 PM,07:05 PM,Angels at Yankees,Yankee Stadium - Bronx,"Local TV: WPIX",06/22/17,06/22/17,10:05 PM,10:05 PM,FALSE,TRUE,06/22/17,06:05 PM,06:05 PM,FREE,BUSY
06/23/17,07:05 PM,07:05 PM,Rangers at Yankees,Yankee Stadium - Bronx,"Local TV: YES",06/23/17,06/23/17,10:05 PM,10:05 PM,FALSE,TRUE,06/23/17,06:05 PM,06:05 PM,FREE,BUSY
06/24/17,01:05 PM,01:05 PM,Rangers at Yankees,Yankee Stadium - Bronx,"Local TV: YES",06/24/17,06/24/17,04:05 PM,04:05 PM,FALSE,TRUE,06/24/17,12:05 PM,12:05 PM,FREE,BUSY
06/25/17,02:05 PM,02:05 PM,Rangers at Yankees,Yankee Stadium - Bronx,"",06/25/17,06/25/17,05:05 PM,05:05 PM,FALSE,TRUE,06/25/17,01:05 PM,01:05 PM,FREE,BUSY
06/26/17,08:10 PM,08:10 PM,Yankees at White Sox,Guaranteed Rate Field - Chicago,"Local TV: YES",06/26/17,06/26/17,11:10 PM,11:10 PM,FALSE,TRUE,06/26/17,07:10 PM,07:10 PM,FREE,BUSY
06/27/17,08:10 PM,08:10 PM,Yankees at White Sox,Guaranteed Rate Field - Chicago,"Local TV: YES",06/27/17,06/27/17,11:10 PM,11:10 PM,FALSE,TRUE,06/27/17,07:10 PM,07:10 PM,FREE,BUSY
06/28/17,08:10 PM,08:10 PM,Yankees at White Sox,Guaranteed Rate Field - Chicago,"Local TV: YES",06/28/17,06/28/17,11:10 PM,11:10 PM,FALSE,TRUE,06/28/17,07:10 PM,07:10 PM,FREE,BUSY
06/29/17,08:10 PM,08:10 PM,Yankees at White Sox,Guaranteed Rate Field - Chicago,"Local TV: WPIX",06/29/17,06/29/17,11:10 PM,11:10 PM,FALSE,TRUE,06/29/17,07:10 PM,07:10 PM,FREE,BUSY
06/30/17,08:10 PM,08:10 PM,Yankees at Astros,Minute Maid Park - Houston,"Local TV: YES",06/30/17,06/30/17,11:10 PM,11:10 PM,FALSE,TRUE,06/30/17,07:10 PM,07:10 PM,FREE,BUSY
07/01/17,07:15 PM,07:15 PM,Yankees at Astros,Minute Maid Park - Houston,"Local TV: FOX",07/01/17,07/01/17,10:15 PM,10:15 PM,FALSE,TRUE,07/01/17,06:15 PM,06:15 PM,FREE,BUSY
07/02/17,02:10 PM,02:10 PM,Yankees at Astros,Minute Maid Park - Houston,"",07/02/17,07/02/17,05:10 PM,05:10 PM,FALSE,TRUE,07/02/17,01:10 PM,01:10 PM,FREE,BUSY
07/03/17,07:05 PM,07:05 PM,Blue Jays at Yankees,Yankee Stadium - Bronx,"Local TV: YES",07/03/17,07/03/17,10:05 PM,10:05 PM,FALSE,TRUE,07/03/17,06:05 PM,06:05 PM,FREE,BUSY
07/04/17,01:05 PM,01:05 PM,Blue Jays at Yankees,Yankee Stadium - Bronx,"Local TV: YES",07/04/17,07/04/17,04:05 PM,04:05 PM,FALSE,TRUE,07/04/17,12:05 PM,12:05 PM,FREE,BUSY
07/05/17,01:05 PM,01:05 PM,Blue Jays at Yankees,Yankee Stadium - Bronx,"Local TV: YES",07/05/17,07/05/17,04:05 PM,04:05 PM,FALSE,TRUE,07/05/17,12:05 PM,12:05 PM,FREE,BUSY
07/07/17,07:05 PM,07:05 PM,Brewers at Yankees,Yankee Stadium - Bronx,"Local TV: YES",07/07/17,07/07/17,10:05 PM,10:05 PM,FALSE,TRUE,07/07/17,06:05 PM,06:05 PM,FREE,BUSY
07/08/17,01:05 PM,01:05 PM,Brewers at Yankees,Yankee Stadium - Bronx,"Local TV: YES",07/08/17,07/08/17,04:05 PM,04:05 PM,FALSE,TRUE,07/08/17,12:05 PM,12:05 PM,FREE,BUSY
07/09/17,01:05 PM,01:05 PM,Brewers at Yankees,Yankee Stadium - Bronx,"Local TV: YES",07/09/17,07/09/17,04:05 PM,04:05 PM,FALSE,TRUE,07/09/17,12:05 PM,12:05 PM,FREE,BUSY
07/11/17,08:00 PM,08:00 PM,AL All-Stars at NL All-Stars,Marlins Park - Miami,"",07/11/17,07/11/17,11:00 PM,11:00 PM,FALSE,TRUE,07/11/17,07:00 PM,07:00 PM,FREE,BUSY
07/14/17,07:10 PM,07:10 PM,Yankees at Red Sox,Fenway Park - Boston,"Local TV: YES",07/14/17,07/14/17,10:10 PM,10:10 PM,FALSE,TRUE,07/14/17,06:10 PM,06:10 PM,FREE,BUSY
07/15/17,04:05 PM,04:05 PM,Yankees at Red Sox,Fenway Park - Boston,"Local TV: YES- FS1",07/15/17,07/15/17,07:05 PM,07:05 PM,FALSE,TRUE,07/15/17,03:05 PM,03:05 PM,FREE,BUSY
07/16/17,08:05 PM,08:05 PM,Yankees at Red Sox,Fenway Park - Boston,"Local TV: ESPN",07/16/17,07/16/17,11:05 PM,11:05 PM,FALSE,TRUE,07/16/17,07:05 PM,07:05 PM,FREE,BUSY
07/17/17,08:10 PM,08:10 PM,Yankees at Twins,Target Field - Minneapolis,"Local TV: YES",07/17/17,07/17/17,11:10 PM,11:10 PM,FALSE,TRUE,07/17/17,07:10 PM,07:10 PM,FREE,BUSY
07/18/17,08:10 PM,08:10 PM,Yankees at Twins,Target Field - Minneapolis,"Local TV: WPIX",07/18/17,07/18/17,11:10 PM,11:10 PM,FALSE,TRUE,07/18/17,07:10 PM,07:10 PM,FREE,BUSY
07/19/17,01:10 PM,01:10 PM,Yankees at Twins,Target Field - Minneapolis,"Local TV: YES",07/19/17,07/19/17,04:10 PM,04:10 PM,FALSE,TRUE,07/19/17,12:10 PM,12:10 PM,FREE,BUSY
07/20/17,10:10 PM,10:10 PM,Yankees at Mariners,Safeco Field - Seattle,"Local TV: YES",07/21/17,07/21/17,01:10 AM,01:10 AM,FALSE,TRUE,07/20/17,09:10 PM,09:10 PM,FREE,BUSY
07/21/17,10:10 PM,10:10 PM,Yankees at Mariners,Safeco Field - Seattle,"Local TV: YES",07/22/17,07/22/17,01:10 AM,01:10 AM,FALSE,TRUE,07/21/17,09:10 PM,09:10 PM,FREE,BUSY
07/22/17,09:10 PM,09:10 PM,Yankees at Mariners,Safeco Field - Seattle,"Local TV: YES",07/23/17,07/23/17,12:10 AM,12:10 AM,FALSE,TRUE,07/22/17,08:10 PM,08:10 PM,FREE,BUSY
07/23/17,04:10 PM,04:10 PM,Yankees at Mariners,Safeco Field - Seattle,"Local TV: YES",07/23/17,07/23/17,07:10 PM,07:10 PM,FALSE,TRUE,07/23/17,03:10 PM,03:10 PM,FREE,BUSY
07/25/17,07:05 PM,07:05 PM,Reds at Yankees,Yankee Stadium - Bronx,"Local TV: WPIX",07/25/17,07/25/17,10:05 PM,10:05 PM,FALSE,TRUE,07/25/17,06:05 PM,06:05 PM,FREE,BUSY
07/26/17,01:05 PM,01:05 PM,Reds at Yankees,Yankee Stadium - Bronx,"Local TV: YES",07/26/17,07/26/17,04:05 PM,04:05 PM,FALSE,TRUE,07/26/17,12:05 PM,12:05 PM,FREE,BUSY
07/27/17,07:05 PM,07:05 PM,Rays at Yankees,Yankee Stadium - Bronx,"Local TV: YES",07/27/17,07/27/17,10:05 PM,10:05 PM,FALSE,TRUE,07/27/17,06:05 PM,06:05 PM,FREE,BUSY
07/28/17,07:05 PM,07:05 PM,Rays at Yankees,Yankee Stadium - Bronx,"Local TV: YES",07/28/17,07/28/17,10:05 PM,10:05 PM,FALSE,TRUE,07/28/17,06:05 PM,06:05 PM,FREE,BUSY
07/29/17,01:05 PM,01:05 PM,Rays at Yankees,Yankee Stadium - Bronx,"Local TV: WPIX",07/29/17,07/29/17,04:05 PM,04:05 PM,FALSE,TRUE,07/29/17,12:05 PM,12:05 PM,FREE,BUSY
07/30/17,01:05 PM,01:05 PM,Rays at Yankees,Yankee Stadium - Bronx,"Local TV: YES",07/30/17,07/30/17,04:05 PM,04:05 PM,FALSE,TRUE,07/30/17,12:05 PM,12:05 PM,FREE,BUSY
07/31/17,07:05 PM,07:05 PM,Tigers at Yankees,Yankee Stadium - Bronx,"Local TV: YES",07/31/17,07/31/17,10:05 PM,10:05 PM,FALSE,TRUE,07/31/17,06:05 PM,06:05 PM,FREE,BUSY
08/01/17,07:05 PM,07:05 PM,Tigers at Yankees,Yankee Stadium - Bronx,"Local TV: YES",08/01/17,08/01/17,10:05 PM,10:05 PM,FALSE,TRUE,08/01/17,06:05 PM,06:05 PM,FREE,BUSY
08/02/17,01:05 PM,01:05 PM,Tigers at Yankees,Yankee Stadium - Bronx,"Local TV: YES",08/02/17,08/02/17,04:05 PM,04:05 PM,FALSE,TRUE,08/02/17,12:05 PM,12:05 PM,FREE,BUSY
08/03/17,07:10 PM,07:10 PM,Yankees at Indians,Progressive Field - Cleveland,"Local TV: YES",08/03/17,08/03/17,10:10 PM,10:10 PM,FALSE,TRUE,08/03/17,06:10 PM,06:10 PM,FREE,BUSY
08/04/17,07:10 PM,07:10 PM,Yankees at Indians,Progressive Field - Cleveland,"Local TV: YES",08/04/17,08/04/17,10:10 PM,10:10 PM,FALSE,TRUE,08/04/17,06:10 PM,06:10 PM,FREE,BUSY
08/05/17,07:10 PM,07:10 PM,Yankees at Indians,Progressive Field - Cleveland,"Local TV: YES",08/05/17,08/05/17,10:10 PM,10:10 PM,FALSE,TRUE,08/05/17,06:10 PM,06:10 PM,FREE,BUSY
08/06/17,01:10 PM,01:10 PM,Yankees at Indians,Progressive Field - Cleveland,"",08/06/17,08/06/17,04:10 PM,04:10 PM,FALSE,TRUE,08/06/17,12:10 PM,12:10 PM,FREE,BUSY
08/08/17,07:07 PM,07:07 PM,Yankees at Blue Jays,Rogers Centre - Toronto,"Local TV: YES",08/08/17,08/08/17,10:07 PM,10:07 PM,FALSE,TRUE,08/08/17,06:07 PM,06:07 PM,FREE,BUSY
08/09/17,07:07 PM,07:07 PM,Yankees at Blue Jays,Rogers Centre - Toronto,"Local TV: YES",08/09/17,08/09/17,10:07 PM,10:07 PM,FALSE,TRUE,08/09/17,06:07 PM,06:07 PM,FREE,BUSY
08/10/17,07:07 PM,07:07 PM,Yankees at Blue Jays,Rogers Centre - Toronto,"Local TV: YES",08/10/17,08/10/17,10:07 PM,10:07 PM,FALSE,TRUE,08/10/17,06:07 PM,06:07 PM,FREE,BUSY
08/11/17,07:05 PM,07:05 PM,Red Sox at Yankees,Yankee Stadium - Bronx,"Local TV: YES",08/11/17,08/11/17,10:05 PM,10:05 PM,FALSE,TRUE,08/11/17,06:05 PM,06:05 PM,FREE,BUSY
08/12/17,04:05 PM,04:05 PM,Red Sox at Yankees,Yankee Stadium - Bronx,"Local TV: YES- FS1",08/12/17,08/12/17,07:05 PM,07:05 PM,FALSE,TRUE,08/12/17,03:05 PM,03:05 PM,FREE,BUSY
08/13/17,01:05 PM,01:05 PM,Red Sox at Yankees,Yankee Stadium - Bronx,"",08/13/17,08/13/17,04:05 PM,04:05 PM,FALSE,TRUE,08/13/17,12:05 PM,12:05 PM,FREE,BUSY
08/14/17,07:05 PM,07:05 PM,Mets at Yankees,Yankee Stadium - Bronx,"Local TV: YES",08/14/17,08/14/17,10:05 PM,10:05 PM,FALSE,TRUE,08/14/17,06:05 PM,06:05 PM,FREE,BUSY
08/15/17,07:05 PM,07:05 PM,Mets at Yankees,Yankee Stadium - Bronx,"Local TV: WPIX",08/15/17,08/15/17,10:05 PM,10:05 PM,FALSE,TRUE,08/15/17,06:05 PM,06:05 PM,FREE,BUSY
08/16/17,07:10 PM,07:10 PM,Yankees at Mets,Citi Field - Flushing,"Local TV: YES",08/16/17,08/16/17,10:10 PM,10:10 PM,FALSE,TRUE,08/16/17,06:10 PM,06:10 PM,FREE,BUSY
08/17/17,07:10 PM,07:10 PM,Yankees at Mets,Citi Field - Flushing,"Local TV: YES",08/17/17,08/17/17,10:10 PM,10:10 PM,FALSE,TRUE,08/17/17,06:10 PM,06:10 PM,FREE,BUSY
08/18/17,07:10 PM,07:10 PM,Yankees at Red Sox,Fenway Park - Boston,"Local TV: YES",08/18/17,08/18/17,10:10 PM,10:10 PM,FALSE,TRUE,08/18/17,06:10 PM,06:10 PM,FREE,BUSY
08/19/17,07:10 PM,07:10 PM,Yankees at Red Sox,Fenway Park - Boston,"Local TV: YES",08/19/17,08/19/17,10:10 PM,10:10 PM,FALSE,TRUE,08/19/17,06:10 PM,06:10 PM,FREE,BUSY
08/20/17,,,Yankees at Red Sox - Time TBD,Fenway Park - Boston,"",08/20/17,08/20/17,,,FALSE,TRUE,08/20/17,,,FREE,BUSY
08/22/17,07:10 PM,07:10 PM,Yankees at Tigers,Comerica Park - Detroit,"Local TV: YES",08/22/17,08/22/17,10:10 PM,10:10 PM,FALSE,TRUE,08/22/17,06:10 PM,06:10 PM,FREE,BUSY
08/23/17,07:10 PM,07:10 PM,Yankees at Tigers,Comerica Park - Detroit,"Local TV: WPIX",08/23/17,08/23/17,10:10 PM,10:10 PM,FALSE,TRUE,08/23/17,06:10 PM,06:10 PM,FREE,BUSY
08/24/17,01:10 PM,01:10 PM,Yankees at Tigers,Comerica Park - Detroit,"Local TV: YES",08/24/17,08/24/17,04:10 PM,04:10 PM,FALSE,TRUE,08/24/17,12:10 PM,12:10 PM,FREE,BUSY
08/25/17,07:05 PM,07:05 PM,Mariners at Yankees,Yankee Stadium - Bronx,"Local TV: WPIX",08/25/17,08/25/17,10:05 PM,10:05 PM,FALSE,TRUE,08/25/17,06:05 PM,06:05 PM,FREE,BUSY
08/26/17,01:05 PM,01:05 PM,Mariners at Yankees,Yankee Stadium - Bronx,"Local TV: YES",08/26/17,08/26/17,04:05 PM,04:05 PM,FALSE,TRUE,08/26/17,12:05 PM,12:05 PM,FREE,BUSY
08/27/17,01:05 PM,01:05 PM,Mariners at Yankees,Yankee Stadium - Bronx,"Local TV: YES",08/27/17,08/27/17,04:05 PM,04:05 PM,FALSE,TRUE,08/27/17,12:05 PM,12:05 PM,FREE,BUSY
08/28/17,07:05 PM,07:05 PM,Indians at Yankees,Yankee Stadium - Bronx,"Local TV: YES",08/28/17,08/28/17,10:05 PM,10:05 PM,FALSE,TRUE,08/28/17,06:05 PM,06:05 PM,FREE,BUSY
08/29/17,07:05 PM,07:05 PM,Indians at Yankees,Yankee Stadium - Bronx,"Local TV: YES",08/29/17,08/29/17,10:05 PM,10:05 PM,FALSE,TRUE,08/29/17,06:05 PM,06:05 PM,FREE,BUSY
08/30/17,01:05 PM,01:05 PM,Indians at Yankees,Yankee Stadium - Bronx,"Local TV: YES",08/30/17,08/30/17,04:05 PM,04:05 PM,FALSE,TRUE,08/30/17,12:05 PM,12:05 PM,FREE,BUSY
08/31/17,07:05 PM,07:05 PM,Red Sox at Yankees,Yankee Stadium - Bronx,"Local TV: WPIX",08/31/17,08/31/17,10:05 PM,10:05 PM,FALSE,TRUE,08/31/17,06:05 PM,06:05 PM,FREE,BUSY
09/01/17,07:05 PM,07:05 PM,Red Sox at Yankees,Yankee Stadium - Bronx,"Local TV: YES",09/01/17,09/01/17,10:05 PM,10:05 PM,FALSE,TRUE,09/01/17,06:05 PM,06:05 PM,FREE,BUSY
09/02/17,01:05 PM,01:05 PM,Red Sox at Yankees,Yankee Stadium - Bronx,"Local TV: YES",09/02/17,09/02/17,04:05 PM,04:05 PM,FALSE,TRUE,09/02/17,12:05 PM,12:05 PM,FREE,BUSY
09/03/17,01:05 PM,01:05 PM,Red Sox at Yankees,Yankee Stadium - Bronx,"",09/03/17,09/03/17,04:05 PM,04:05 PM,FALSE,TRUE,09/03/17,12:05 PM,12:05 PM,FREE,BUSY
09/04/17,01:35 PM,01:35 PM,Yankees at Orioles,Oriole Park at Camden Yards - Baltimore,"Local TV: YES",09/04/17,09/04/17,04:35 PM,04:35 PM,FALSE,TRUE,09/04/17,12:35 PM,12:35 PM,FREE,BUSY
09/05/17,07:05 PM,07:05 PM,Yankees at Orioles,Oriole Park at Camden Yards - Baltimore,"Local TV: YES",09/05/17,09/05/17,10:05 PM,10:05 PM,FALSE,TRUE,09/05/17,06:05 PM,06:05 PM,FREE,BUSY
09/06/17,07:05 PM,07:05 PM,Yankees at Orioles,Oriole Park at Camden Yards - Baltimore,"Local TV: YES",09/06/17,09/06/17,10:05 PM,10:05 PM,FALSE,TRUE,09/06/17,06:05 PM,06:05 PM,FREE,BUSY
09/08/17,08:05 PM,08:05 PM,Yankees at Rangers,Globe Life Park in Arlington - Arlington,"Local TV: YES",09/08/17,09/08/17,11:05 PM,11:05 PM,FALSE,TRUE,09/08/17,07:05 PM,07:05 PM,FREE,BUSY
09/09/17,08:05 PM,08:05 PM,Yankees at Rangers,Globe Life Park in Arlington - Arlington,"Local TV: YES",09/09/17,09/09/17,11:05 PM,11:05 PM,FALSE,TRUE,09/09/17,07:05 PM,07:05 PM,FREE,BUSY
09/10/17,03:05 PM,03:05 PM,Yankees at Rangers,Globe Life Park in Arlington - Arlington,"",09/10/17,09/10/17,06:05 PM,06:05 PM,FALSE,TRUE,09/10/17,02:05 PM,02:05 PM,FREE,BUSY
09/11/17,07:10 PM,07:10 PM,Yankees at Rays,Tropicana Field - St. Petersburg,"Local TV: YES",09/11/17,09/11/17,10:10 PM,10:10 PM,FALSE,TRUE,09/11/17,06:10 PM,06:10 PM,FREE,BUSY
09/12/17,07:10 PM,07:10 PM,Yankees at Rays,Tropicana Field - St. Petersburg,"Local TV: YES",09/12/17,09/12/17,10:10 PM,10:10 PM,FALSE,TRUE,09/12/17,06:10 PM,06:10 PM,FREE,BUSY
09/13/17,07:10 PM,07:10 PM,Yankees at Rays,Tropicana Field - St. Petersburg,"Local TV: YES",09/13/17,09/13/17,10:10 PM,10:10 PM,FALSE,TRUE,09/13/17,06:10 PM,06:10 PM,FREE,BUSY
09/14/17,07:05 PM,07:05 PM,Orioles at Yankees,Yankee Stadium - Bronx,"Local TV: YES",09/14/17,09/14/17,10:05 PM,10:05 PM,FALSE,TRUE,09/14/17,06:05 PM,06:05 PM,FREE,BUSY
09/15/17,07:05 PM,07:05 PM,Orioles at Yankees,Yankee Stadium - Bronx,"Local TV: WPIX",09/15/17,09/15/17,10:05 PM,10:05 PM,FALSE,TRUE,09/15/17,06:05 PM,06:05 PM,FREE,BUSY
09/16/17,04:05 PM,04:05 PM,Orioles at Yankees,Yankee Stadium - Bronx,"Local TV: YES",09/16/17,09/16/17,07:05 PM,07:05 PM,FALSE,TRUE,09/16/17,03:05 PM,03:05 PM,FREE,BUSY
09/17/17,01:05 PM,01:05 PM,Orioles at Yankees,Yankee Stadium - Bronx,"Local TV: YES",09/17/17,09/17/17,04:05 PM,04:05 PM,FALSE,TRUE,09/17/17,12:05 PM,12:05 PM,FREE,BUSY
09/18/17,07:05 PM,07:05 PM,Twins at Yankees,Yankee Stadium - Bronx,"Local TV: YES",09/18/17,09/18/17,10:05 PM,10:05 PM,FALSE,TRUE,09/18/17,06:05 PM,06:05 PM,FREE,BUSY
09/19/17,07:05 PM,07:05 PM,Twins at Yankees,Yankee Stadium - Bronx,"Local TV: YES",09/19/17,09/19/17,10:05 PM,10:05 PM,FALSE,TRUE,09/19/17,06:05 PM,06:05 PM,FREE,BUSY
09/20/17,01:05 PM,01:05 PM,Twins at Yankees,Yankee Stadium - Bronx,"Local TV: YES",09/20/17,09/20/17,04:05 PM,04:05 PM,FALSE,TRUE,09/20/17,12:05 PM,12:05 PM,FREE,BUSY
09/22/17,07:07 PM,07:07 PM,Yankees at Blue Jays,Rogers Centre - Toronto,"Local TV: YES",09/22/17,09/22/17,10:07 PM,10:07 PM,FALSE,TRUE,09/22/17,06:07 PM,06:07 PM,FREE,BUSY
09/23/17,01:07 PM,01:07 PM,Yankees at Blue Jays,Rogers Centre - Toronto,"Local TV: YES",09/23/17,09/23/17,04:07 PM,04:07 PM,FALSE,TRUE,09/23/17,12:07 PM,12:07 PM,FREE,BUSY
09/24/17,01:07 PM,01:07 PM,Yankees at Blue Jays,Rogers Centre - Toronto,"Local TV: YES",09/24/17,09/24/17,04:07 PM,04:07 PM,FALSE,TRUE,09/24/17,12:07 PM,12:07 PM,FREE,BUSY
09/26/17,07:05 PM,07:05 PM,Rays at Yankees,Yankee Stadium - Bronx,"Local TV: YES",09/26/17,09/26/17,10:05 PM,10:05 PM,FALSE,TRUE,09/26/17,06:05 PM,06:05 PM,FREE,BUSY
09/27/17,07:05 PM,07:05 PM,Rays at Yankees,Yankee Stadium - Bronx,"Local TV: WPIX",09/27/17,09/27/17,10:05 PM,10:05 PM,FALSE,TRUE,09/27/17,06:05 PM,06:05 PM,FREE,BUSY
09/28/17,07:05 PM,07:05 PM,Rays at Yankees,Yankee Stadium - Bronx,"Local TV: YES",09/28/17,09/28/17,10:05 PM,10:05 PM,FALSE,TRUE,09/28/17,06:05 PM,06:05 PM,FREE,BUSY
09/29/17,01:05 PM,01:05 PM,Blue Jays at Yankees,Yankee Stadium - Bronx,"Local TV: YES",09/29/17,09/29/17,04:05 PM,04:05 PM,FALSE,TRUE,09/29/17,12:05 PM,12:05 PM,FREE,BUSY
09/30/17,04:05 PM,04:05 PM,Blue Jays at Yankees,Yankee Stadium - Bronx,"Local TV: YES",09/30/17,09/30/17,07:05 PM,07:05 PM,FALSE,TRUE,09/30/17,03:05 PM,03:05 PM,FREE,BUSY
10/01/17,03:05 PM,03:05 PM,Blue Jays at Yankees,Yankee Stadium - Bronx,"Local TV: YES",10/01/17,10/01/17,06:05 PM,06:05 PM,FALSE,TRUE,10/01/17,02:05 PM,02:05 PM,FREE,BUSY
